{
  "Total" : {
    "transaction" : "Total",
    "sampleCount" : 2810,
    "errorCount" : 1895,
    "errorPct" : 67.43772,
    "meanResTime" : 466.6462633451964,
    "medianResTime" : 396.0,
    "minResTime" : 0.0,
    "maxResTime" : 2260.0,
    "pct1ResTime" : 1328.0,
    "pct2ResTime" : 1705.0,
    "pct3ResTime" : 1906.7799999999997,
    "throughput" : 457.28234336859236,
    "receivedKBytesPerSec" : 960.7231171175754,
    "sentKBytesPerSec" : 35.37969131407649
  },
  "Demo_qa2" : {
    "transaction" : "Demo_qa2",
    "sampleCount" : 594,
    "errorCount" : 594,
    "errorPct" : 100.0,
    "meanResTime" : 72.90235690235686,
    "medianResTime" : 0.0,
    "minResTime" : 0.0,
    "maxResTime" : 874.0,
    "pct1ResTime" : 516.0,
    "pct2ResTime" : 529.75,
    "pct3ResTime" : 714.0,
    "throughput" : 135.98901098901098,
    "receivedKBytesPerSec" : 292.3302283653846,
    "sentKBytesPerSec" : 1.9356863839285712
  },
  "Demo_qa3" : {
    "transaction" : "Demo_qa3",
    "sampleCount" : 460,
    "errorCount" : 460,
    "errorPct" : 100.0,
    "meanResTime" : 412.53695652173934,
    "medianResTime" : 498.5,
    "minResTime" : 0.0,
    "maxResTime" : 910.0,
    "pct1ResTime" : 586.0,
    "pct2ResTime" : 712.8499999999999,
    "pct3ResTime" : 768.3399999999999,
    "throughput" : 96.86249736786692,
    "receivedKBytesPerSec" : 261.73684591492946,
    "sentKBytesPerSec" : 8.919435341650875
  },
  "Demo_qa1" : {
    "transaction" : "Demo_qa1",
    "sampleCount" : 374,
    "errorCount" : 374,
    "errorPct" : 100.0,
    "meanResTime" : 1143.9278074866309,
    "medianResTime" : 1658.0,
    "minResTime" : 0.0,
    "maxResTime" : 2260.0,
    "pct1ResTime" : 1891.0,
    "pct2ResTime" : 1921.0,
    "pct3ResTime" : 1962.25,
    "throughput" : 66.08941509100548,
    "receivedKBytesPerSec" : 209.29655057209754,
    "sentKBytesPerSec" : 10.229833009365613
  },
  "Demo_qa3-1" : {
    "transaction" : "Demo_qa3-1",
    "sampleCount" : 347,
    "errorCount" : 347,
    "errorPct" : 100.0,
    "meanResTime" : 84.89337175792507,
    "medianResTime" : 90.0,
    "minResTime" : 0.0,
    "maxResTime" : 451.0,
    "pct1ResTime" : 147.39999999999998,
    "pct2ResTime" : 161.59999999999997,
    "pct3ResTime" : 307.3599999999997,
    "throughput" : 94.0379403794038,
    "receivedKBytesPerSec" : 237.95440591124662,
    "sentKBytesPerSec" : 0.0
  },
  "Demo_qa3-0" : {
    "transaction" : "Demo_qa3-0",
    "sampleCount" : 347,
    "errorCount" : 0,
    "errorPct" : 0.0,
    "meanResTime" : 452.54466858789624,
    "medianResTime" : 413.0,
    "minResTime" : 191.0,
    "maxResTime" : 910.0,
    "pct1ResTime" : 613.5999999999999,
    "pct2ResTime" : 700.0,
    "pct3ResTime" : 769.1199999999999,
    "throughput" : 80.10156971375808,
    "receivedKBytesPerSec" : 30.976778912742382,
    "sentKBytesPerSec" : 9.778023646698985
  },
  "Demo_qa2-1" : {
    "transaction" : "Demo_qa2-1",
    "sampleCount" : 74,
    "errorCount" : 74,
    "errorPct" : 100.0,
    "meanResTime" : 130.44594594594597,
    "medianResTime" : 128.5,
    "minResTime" : 0.0,
    "maxResTime" : 490.0,
    "pct1ResTime" : 168.5,
    "pct2ResTime" : 206.25,
    "pct3ResTime" : 490.0,
    "throughput" : 24.088541666666668,
    "receivedKBytesPerSec" : 60.88002522786458,
    "sentKBytesPerSec" : 0.0
  },
  "Demo_qa1-1" : {
    "transaction" : "Demo_qa1-1",
    "sampleCount" : 270,
    "errorCount" : 46,
    "errorPct" : 17.037037,
    "meanResTime" : 1087.5518518518527,
    "medianResTime" : 1250.5,
    "minResTime" : 0.0,
    "maxResTime" : 1787.0,
    "pct1ResTime" : 1364.6,
    "pct2ResTime" : 1385.9,
    "pct3ResTime" : 1454.920000000001,
    "throughput" : 59.81391227292867,
    "receivedKBytesPerSec" : 192.50028556989366,
    "sentKBytesPerSec" : 5.815241470979176
  },
  "Demo_qa2-0" : {
    "transaction" : "Demo_qa2-0",
    "sampleCount" : 74,
    "errorCount" : 0,
    "errorPct" : 0.0,
    "meanResTime" : 413.9594594594596,
    "medianResTime" : 393.0,
    "minResTime" : 202.0,
    "maxResTime" : 654.0,
    "pct1ResTime" : 550.5,
    "pct2ResTime" : 619.25,
    "pct3ResTime" : 654.0,
    "throughput" : 21.399652978600347,
    "receivedKBytesPerSec" : 8.108462261422787,
    "sentKBytesPerSec" : 2.445077537593985
  },
  "Demo_qa1-0" : {
    "transaction" : "Demo_qa1-0",
    "sampleCount" : 270,
    "errorCount" : 0,
    "errorPct" : 0.0,
    "meanResTime" : 481.33333333333337,
    "medianResTime" : 454.0,
    "minResTime" : 194.0,
    "maxResTime" : 888.0,
    "pct1ResTime" : 599.9,
    "pct2ResTime" : 613.45,
    "pct3ResTime" : 752.8700000000001,
    "throughput" : 55.900621118012424,
    "receivedKBytesPerSec" : 21.34486607142857,
    "sentKBytesPerSec" : 6.55085403726708
  }
}